Rk,Player,From,To,Yrs,G,MP,FG,FGA,3P,3PA,FT,FTA,ORB,TRB,AST,STL,BLK,TOV,PF,PTS,FG%,3P%,FT%,MP,PTS,TRB,AST,STL,BLK,-9999
1,Precious Achiuwa,2022,2024,3,153,3302,539,1177,98,311,189,297,296,937,176,84,83,172,293,1365,.458,.315,.636,21.6,8.9,6.1,1.2,0.5,0.5,achiupr01
2,Quincy Acy,2013,2014,2,36,403,48,89,3,7,36,46,35,92,15,17,18,19,61,135,.539,.429,.783,11.2,3.8,2.6,0.4,0.5,0.5,acyqu01
3,Hassan Adams,2009,2009,1,12,52,4,13,0,0,3,6,1,7,1,1,1,4,4,11,.308,,.500,4.3,0.9,0.6,0.1,0.1,0.1,adamsha01
4,Ochai Agbaji,2024,2025,2,91,2377,338,718,116,322,56,84,100,332,134,78,45,84,176,848,.471,.360,.667,26.1,9.3,3.6,1.5,0.9,0.5,agbajoc01
5,Alexis Ajinça,2011,2011,1,24,265,47,101,9,27,11,15,12,61,8,8,14,17,60,114,.465,.333,.733,11.0,4.8,2.5,0.3,0.3,0.6,ajincal01
6,Solomon Alabi,2011,2012,2,26,181,16,51,0,0,7,10,22,61,5,4,11,8,16,39,.314,,.700,7.0,1.5,2.3,0.2,0.2,0.4,alabiso01
7,Rafer Alston,2003,2005,2,127,3697,542,1309,190,519,228,312,63,386,706,156,22,256,332,1502,.414,.366,.731,29.1,11.8,3.0,5.6,1.2,0.2,alstora01
8,David Andersen,2011,2011,1,11,150,23,47,3,10,7,7,8,34,7,3,3,8,11,56,.489,.300,1.000,13.6,5.1,3.1,0.6,0.3,0.3,anderda03
9,Alan Anderson,2012,2013,2,82,1956,291,758,119,346,155,181,42,182,129,53,10,105,166,856,.384,.344,.856,23.9,10.4,2.2,1.6,0.6,0.1,anderal01
10,Willie Anderson,1996,1996,1,49,1564,232,527,29,95,113,132,35,186,149,58,51,119,171,606,.440,.305,.856,31.9,12.4,3.8,3.0,1.2,1.0,anderwi01
11,OG Anunoby,2018,2024,7,395,11346,1768,3738,651,1735,489,659,429,1684,632,487,201,509,944,4676,.473,.375,.742,28.7,11.8,4.3,1.6,1.2,0.5,anunoog01
12,Rafael Araújo,2005,2006,2,111,1337,129,320,1,4,58,83,102,329,31,45,14,94,261,317,.403,.250,.699,12.0,2.9,3.0,0.3,0.4,0.1,araujra01
13,Robert Archibald,2004,2004,1,30,246,8,30,0,0,13,27,21,50,12,13,3,9,49,29,.267,,.481,8.2,1.0,1.7,0.4,0.4,0.1,archiro01
14,Carlos Arroyo,2002,2002,1,17,96,13,29,0,0,4,6,3,12,21,6,0,12,12,30,.448,,.667,5.6,1.8,0.7,1.2,0.4,0.0,arroyca01
15,D.J. Augustin,2014,2014,1,10,82,7,24,1,11,6,6,0,4,10,1,0,9,7,21,.292,.091,1.000,8.2,2.1,0.4,1.0,0.1,0.0,augusdj01
16,Mark Baker,1999,1999,1,1,2,0,1,0,0,0,0,0,0,0,0,0,1,0,0,.000,,,2.0,0.0,0.0,0.0,0.0,0.0,bakerla01
17,Marcus Banks,2009,2011,3,31,306,45,93,8,29,31,40,4,27,35,14,2,25,39,129,.484,.276,.775,9.9,4.2,0.9,1.1,0.5,0.1,banksma01
18,Dalano Banton,2022,2023,2,95,975,138,332,28,102,43,68,49,169,135,41,23,71,102,347,.416,.275,.632,10.3,3.7,1.8,1.4,0.4,0.2,bantoda01
19,Leandro Barbosa,2011,2012,2,100,2341,492,1107,112,324,185,228,35,178,182,86,13,152,213,1281,.444,.346,.811,23.4,12.8,1.8,1.8,0.9,0.1,barbole01
20,Andrea Bargnani,2007,2013,7,433,13130,2419,5534,579,1606,1164,1411,401,2095,544,187,382,725,1124,6581,.437,.361,.825,30.3,15.2,4.8,1.3,0.4,0.9,bargnan01
21,Scottie Barnes,2022,2025,4,276,9523,1843,3953,298,993,772,1014,624,2065,1368,331,267,640,593,4756,.466,.300,.761,34.5,17.2,7.5,5.0,1.2,1.0,barnesc01
22,Andre Barrett,2006,2006,1,17,261,35,97,2,13,6,9,8,22,50,10,0,14,12,78,.361,.154,.667,15.4,4.6,1.3,2.9,0.6,0.0,barrean01
23,RJ Barrett,2024,2025,2,90,2941,732,1474,154,426,301,478,95,570,444,65,30,244,221,1919,.497,.362,.630,32.7,21.3,6.3,4.9,0.7,0.3,barrerj01
24,Will Barton,2023,2023,1,16,211,28,79,14,42,2,2,5,26,17,11,3,3,17,72,.354,.333,1.000,13.2,4.5,1.6,1.1,0.7,0.2,bartowi01
25,Maceo Baston,2003,2008,2,31,209,32,50,0,0,17,22,13,49,3,6,15,10,36,81,.640,,.773,6.7,2.6,1.6,0.1,0.2,0.5,bastoma01
26,Mengke Bateer,2004,2004,1,7,40,4,7,0,0,0,0,5,8,1,1,0,2,10,8,.571,,,5.7,1.1,1.1,0.1,0.1,0.0,bateeme01
27,Jamison Battle,2025,2025,1,59,1042,149,347,105,259,16,18,37,158,53,17,10,27,92,419,.429,.405,.889,17.7,7.1,2.7,0.9,0.3,0.2,battlja01
28,Lonny Baxter,2004,2004,1,36,487,60,128,0,1,30,56,42,121,10,14,18,22,69,150,.469,.000,.536,13.5,4.2,3.4,0.3,0.4,0.5,baxtelo01
29,Jerryd Bayless,2011,2012,2,91,2052,318,744,90,236,228,277,32,216,356,60,8,163,203,954,.427,.381,.823,22.5,10.5,2.4,3.9,0.7,0.1,bayleje01
30,Aron Baynes,2021,2021,1,53,980,134,304,27,103,29,41,87,273,47,17,23,46,119,324,.441,.262,.707,18.5,6.1,5.2,0.9,0.3,0.4,baynear01
31,Marco Belinelli,2010,2010,1,66,1121,154,379,60,158,101,121,14,95,89,42,5,60,80,469,.406,.380,.835,17.0,7.1,1.4,1.3,0.6,0.1,belinma01
32,DeAndre' Bembry,2021,2021,1,51,972,117,228,14,53,45,66,33,146,107,53,18,71,87,293,.513,.264,.682,19.1,5.7,2.9,2.1,1.0,0.4,bembrde01
33,Benoit Benjamin,1997,1997,1,4,44,5,12,0,0,3,4,3,9,1,1,0,2,5,13,.417,,.750,11.0,3.3,2.3,0.3,0.3,0.0,benjabe01
34,Anthony Bennett,2016,2016,1,19,84,8,27,3,14,9,10,6,23,0,5,0,4,8,28,.296,.214,.900,4.4,1.5,1.2,0.0,0.3,0.0,bennean01
35,Chauncey Billups,1998,1998,1,29,920,103,295,43,136,79,86,22,77,97,30,2,56,54,328,.349,.316,.919,31.7,11.3,2.7,3.3,1.0,0.1,billuch01
36,Khem Birch,2021,2023,3,94,1730,211,403,10,47,85,120,187,408,99,51,53,58,174,517,.524,.213,.708,18.4,5.5,4.3,1.1,0.5,0.6,birchkh01
37,Bismack Biyombo,2016,2016,1,82,1808,156,288,0,1,142,226,182,655,29,19,133,71,225,454,.542,.000,.628,22.0,5.5,8.0,0.4,0.2,1.6,biyombi01
38,Corie Blount,2004,2004,1,16,294,18,47,0,0,2,3,22,69,10,11,5,8,49,38,.383,,.667,18.4,2.4,4.3,0.6,0.7,0.3,blounco01
39,Muggsy Bogues,2000,2001,2,83,1765,157,360,17,52,79,87,25,138,304,67,4,63,122,410,.436,.327,.908,21.3,4.9,1.7,3.7,0.8,0.0,boguemu01
40,Isaac Bonga,2022,2022,1,15,69,3,13,1,4,5,8,4,7,4,8,2,2,10,12,.231,.250,.625,4.6,0.8,0.5,0.3,0.5,0.1,bongais01
41,Matt Bonner,2005,2006,2,160,3263,456,930,141,335,119,147,194,569,104,88,50,72,436,1172,.490,.421,.810,20.4,7.3,3.6,0.7,0.6,0.3,bonnema01
42,Chris Bosh,2004,2010,7,509,18815,3614,7346,50,168,2997,3767,1369,4776,1115,397,600,1126,1329,10275,.492,.298,.796,37.0,20.2,9.4,2.2,0.8,1.2,boshch01
43,Chris Boucher,2019,2025,7,406,7215,1284,2628,371,1095,673,864,708,2083,201,197,384,221,764,3612,.489,.339,.779,17.8,8.9,5.1,0.5,0.5,0.9,bouchch01
44,Michael Bradley,2002,2004,3,98,1470,165,342,1,8,40,77,170,444,71,17,38,85,141,371,.482,.125,.519,15.0,3.8,4.5,0.7,0.2,0.4,bradlmi01
45,Primož Brezec,2008,2008,1,13,110,17,38,0,0,14,21,9,18,1,1,2,4,25,48,.447,,.667,8.5,3.7,1.4,0.1,0.1,0.2,brezepr01
46,Oshae Brissett,2020,2020,1,19,135,13,36,3,15,8,10,9,26,7,4,1,7,18,37,.361,.200,.800,7.1,1.9,1.4,0.4,0.2,0.1,brissos01
47,Armoni Brooks,2022,2022,1,13,154,11,38,10,36,2,2,8,22,13,7,3,4,14,34,.289,.278,1.000,11.8,2.6,1.7,1.0,0.5,0.2,brookar01
48,Bruce Brown,2024,2025,2,52,1238,186,399,31,99,76,89,45,198,120,41,12,64,93,479,.466,.313,.854,23.8,9.2,3.8,2.3,0.8,0.2,brownbr01
49,Damone Brown,2003,2003,1,5,115,11,35,0,2,6,8,3,15,3,1,0,6,14,28,.314,.000,.750,23.0,5.6,3.0,0.6,0.2,0.0,brownda02
50,Dee Brown,1998,2000,3,118,2958,417,1060,267,694,90,114,38,247,330,118,30,160,184,1191,.393,.385,.789,25.1,10.1,2.1,2.8,1.0,0.3,brownde01
51,Lorenzo Brown,2018,2019,2,40,351,37,105,8,40,5,5,6,46,41,17,5,19,29,87,.352,.200,1.000,8.8,2.2,1.2,1.0,0.4,0.1,brownlo01
52,Rick Brunson,2004,2004,1,3,10,2,4,0,0,0,0,0,0,2,0,0,0,0,4,.500,,,3.3,1.3,0.0,0.7,0.0,0.0,brunsri01
53,Rasual Butler,2012,2012,1,34,453,41,133,21,77,7,12,6,66,19,7,5,15,39,110,.308,.273,.583,13.3,3.2,1.9,0.6,0.2,0.1,butlera01
54,Dwight Buycks,2014,2014,1,14,146,15,48,5,17,8,9,4,23,10,8,0,10,11,43,.313,.294,.889,10.4,3.1,1.6,0.7,0.6,0.0,buyckdw01
55,Bruno Caboclo,2015,2018,4,25,113,11,42,5,18,0,0,7,15,6,5,3,10,10,27,.262,.278,,4.5,1.1,0.6,0.2,0.2,0.1,cabocbr01
56,José Calderón,2006,2013,8,525,14909,2023,4207,456,1174,733,836,187,1315,3770,469,45,906,907,5235,.481,.388,.877,28.4,10.0,2.5,7.2,0.9,0.1,caldejo01
57,Marcus Camby,1997,1998,2,126,3899,683,1525,2,16,332,508,334,860,208,134,360,268,414,1700,.448,.125,.654,30.9,13.5,6.8,1.7,1.1,2.9,cambyma01
58,DeMarre Carroll,2016,2017,2,98,2668,325,820,155,438,119,167,94,397,101,125,33,82,206,924,.396,.354,.713,27.2,9.4,4.1,1.0,1.3,0.3,carrode01
59,Anthony Carter,2012,2012,1,24,209,17,53,5,17,8,10,5,33,34,8,4,17,20,47,.321,.294,.800,8.7,2.0,1.4,1.4,0.3,0.2,cartean01
60,Vince Carter,1999,2005,7,403,15114,3541,7944,554,1445,1784,2277,740,2091,1553,534,415,928,1188,9420,.446,.383,.783,37.5,23.4,5.2,3.9,1.3,1.0,cartevi01
61,D.J. Carton,2024,2025,2,8,69,4,15,1,7,5,6,2,8,6,3,0,5,4,14,.267,.143,.833,8.6,1.8,1.0,0.8,0.4,0.0,cartodj01
62,Colin Castleton,2025,2025,1,11,288,32,64,2,8,13,18,34,76,18,6,8,21,32,79,.500,.250,.722,26.2,7.2,6.9,1.6,0.5,0.7,castlco01
63,Justin Champagnie,2022,2023,2,39,292,34,70,10,28,9,9,38,76,12,8,4,8,33,87,.486,.357,1.000,7.5,2.2,1.9,0.3,0.2,0.1,champju01
64,Chris Childs,2001,2002,2,95,2126,139,409,45,162,79,96,28,218,470,78,13,181,259,402,.340,.278,.823,22.4,4.2,2.3,4.9,0.8,0.1,childch01
65,Ulrich Chomche,2025,2025,1,7,32,2,5,0,0,1,2,4,8,2,0,1,2,5,5,.400,,.500,4.6,0.7,1.1,0.3,0.0,0.1,chomcul01
66,Doug Christie,1996,2000,5,314,10916,1532,3698,431,1213,953,1166,327,1448,1197,664,187,767,821,4448,.414,.355,.817,34.8,14.2,4.6,3.8,2.1,0.6,chrisdo01
67,Keon Clark,2001,2002,2,127,3153,547,1095,0,6,234,365,260,851,126,74,232,182,401,1328,.500,.000,.641,24.8,10.5,6.7,1.0,0.6,1.8,clarkke01
68,Omar Cook,2005,2005,1,5,74,10,24,0,4,3,6,2,7,22,6,1,6,6,23,.417,.000,.500,14.8,4.6,1.4,4.4,1.2,0.2,cookom01
69,Tyrone Corbin,2001,2001,1,15,117,9,38,0,5,2,4,3,13,4,2,0,3,18,20,.237,.000,.500,7.8,1.3,0.9,0.3,0.1,0.0,corbity01
70,William Cunningham,1999,1999,1,1,1,0,0,0,0,0,0,0,0,0,0,0,0,0,0,,,,1.0,0.0,0.0,0.0,0.0,0.0,cunniwi01
71,Earl Cureton,1997,1997,1,9,46,3,8,0,0,1,3,4,9,4,0,0,1,10,7,.375,,.333,5.1,0.8,1.0,0.4,0.0,0.0,curetea01
72,Dell Curry,2000,2002,3,194,2937,497,1183,202,518,100,120,50,266,225,81,23,120,182,1296,.420,.390,.833,15.1,6.7,1.4,1.2,0.4,0.1,curryde01
73,Michael Curry,2004,2004,1,70,1229,76,196,3,15,49,58,22,87,53,23,5,48,153,204,.388,.200,.845,17.6,2.9,1.2,0.8,0.3,0.1,currymi01
74,Lloyd Daniels,1998,1998,1,6,82,12,29,2,9,8,10,4,7,4,3,2,4,4,34,.414,.222,.800,13.7,5.7,1.2,0.7,0.5,0.3,daniell01
75,Kornél Dávid,2001,2001,1,17,140,15,29,0,0,12,13,9,33,4,2,3,7,20,42,.517,,.923,8.2,2.5,1.9,0.2,0.1,0.2,davidko01
76,Antonio Davis,2000,2006,6,310,10809,1419,3333,0,2,1156,1501,957,2839,518,148,405,562,943,3994,.426,.000,.770,34.9,12.9,9.2,1.7,0.5,1.3,davisan01
77,Ed Davis,2011,2013,3,176,4223,573,1047,0,1,208,336,397,1200,155,104,168,160,450,1354,.547,.000,.619,24.0,7.7,6.8,0.9,0.6,1.0,davised01
78,Hubert Davis,1997,1997,1,36,623,74,184,16,70,17,23,11,40,34,11,2,21,40,181,.402,.229,.739,17.3,5.0,1.1,0.9,0.3,0.1,davishu01
79,Terence Davis,2020,2021,2,106,1702,286,646,138,364,67,77,59,303,152,56,21,105,172,777,.443,.379,.870,16.1,7.3,2.9,1.4,0.5,0.2,daviste02
80,Austin Daye,2014,2014,1,8,33,3,13,0,8,2,3,2,7,2,0,0,0,4,8,.231,.000,.667,4.1,1.0,0.9,0.3,0.0,0.0,dayeau01
81,Nando De Colo,2014,2014,1,21,193,22,60,8,22,13,13,8,28,33,7,3,14,23,65,.367,.364,1.000,9.2,3.1,1.3,1.6,0.3,0.1,decolna01
82,Sam Dekker,2022,2022,1,1,1,0,0,0,0,0,0,0,0,0,0,0,0,0,0,,,,1.0,0.0,0.0,0.0,0.0,0.0,dekkesa01
83,Carlos Delfino,2008,2008,1,82,1928,251,632,120,314,116,156,66,359,145,69,11,75,177,738,.397,.382,.744,23.5,9.0,4.4,1.8,0.8,0.1,delfica01
84,Justin Dentmon,2012,2012,1,4,72,8,22,2,10,4,6,0,7,9,1,0,6,8,22,.364,.200,.667,18.0,5.5,1.8,2.3,0.3,0.0,dentmju01
85,DeMar DeRozan,2010,2018,9,675,22986,4716,10532,325,1128,3539,4277,514,2739,2078,655,185,1323,1499,13296,.448,.288,.827,34.1,19.7,4.1,3.1,1.0,0.3,derozde01
86,Derrick Dial,2002,2002,1,7,50,11,26,1,4,5,6,2,11,4,2,0,3,1,28,.423,.250,.833,7.1,4.0,1.6,0.6,0.3,0.0,dialde01
87,Gradey Dick,2024,2025,2,114,2855,454,1092,202,567,177,206,71,325,166,82,12,133,207,1287,.416,.356,.859,25.0,11.3,2.9,1.5,0.7,0.1,dickgr01
88,Juan Dixon,2007,2008,2,62,1107,169,419,44,122,59,63,20,120,106,48,4,59,103,441,.403,.361,.937,17.9,7.1,1.9,1.7,0.8,0.1,dixonju01
89,Joey Dorsey,2011,2011,1,43,522,52,99,0,0,31,65,79,190,27,24,17,39,78,135,.525,,.477,12.1,3.1,4.4,0.6,0.6,0.4,dorsejo01
90,Quincy Douby,2009,2009,1,7,73,12,22,4,9,3,4,3,7,12,3,0,7,4,31,.545,.444,.750,10.4,4.4,1.0,1.7,0.4,0.0,doubyqu01
91,Jeff Dowtin,2023,2023,1,25,259,25,57,5,16,6,9,6,23,31,9,3,5,13,61,.439,.313,.667,10.4,2.4,0.9,1.2,0.4,0.1,dowtije01
92,Goran Dragić,2022,2022,1,5,90,13,34,4,14,10,10,2,14,9,5,1,1,8,40,.382,.286,1.000,18.0,8.0,2.8,1.8,1.0,0.2,dragigo01
93,Ronald Dupree,2011,2011,1,3,13,1,4,0,1,0,0,0,3,1,0,0,0,2,2,.250,.000,,4.3,0.7,1.0,0.3,0.0,0.0,duprero01
94,Acie Earl,1996,1997,2,80,1112,176,433,0,8,126,184,84,214,45,30,64,82,127,478,.406,.000,.685,13.9,6.0,2.7,0.6,0.4,0.8,earlac01
95,Henry Ellenson,2021,2021,1,2,38,5,14,2,9,3,4,3,12,5,0,0,0,7,15,.357,.222,.750,19.0,7.5,6.0,2.5,0.0,0.0,ellenhe01
96,Vincenzo Esposito,1996,1996,1,30,282,36,100,13,56,31,39,4,16,23,7,0,39,27,116,.360,.232,.795,9.4,3.9,0.5,0.8,0.2,0.0,esposvi01
97,Reggie Evans,2010,2011,2,58,1109,76,172,0,1,75,148,149,450,46,43,10,61,133,227,.442,.000,.507,19.1,3.9,7.8,0.8,0.7,0.2,evansre01
98,Bruno Fernando,2025,2025,1,17,147,26,49,0,0,6,8,21,51,18,4,9,14,27,58,.531,,.750,8.6,3.4,3.0,1.1,0.2,0.5,fernabr01
99,Landry Fields,2013,2015,3,107,1575,149,331,3,21,53,81,84,293,95,53,11,61,97,354,.450,.143,.654,14.7,3.3,2.7,0.9,0.5,0.1,fieldla01
100,Malachi Flynn,2021,2024,4,175,2630,342,902,159,471,102,135,48,320,350,97,21,114,220,945,.379,.338,.756,15.0,5.4,1.8,2.0,0.6,0.1,flynnma01
101,Gary Forbes,2012,2012,1,48,713,112,271,29,83,66,91,27,102,54,24,4,54,56,319,.413,.349,.725,14.9,6.6,2.1,1.1,0.5,0.1,forbega01
102,T.J. Ford,2007,2008,2,126,3442,639,1426,36,120,350,418,76,336,908,155,8,333,279,1664,.448,.300,.837,27.3,13.2,2.7,7.2,1.2,0.1,fordtj01
103,Greg Foster,2003,2003,1,29,539,47,122,1,4,26,32,30,102,13,1,9,30,82,121,.385,.250,.813,18.6,4.2,3.5,0.4,0.0,0.3,fostegr01
104,Javon Freeman-Liberty,2024,2024,1,22,403,55,124,10,42,33,36,16,70,40,10,4,25,28,153,.444,.238,.917,18.3,7.0,3.2,1.8,0.5,0.2,freemja01
105,Sundiata Gaines,2011,2011,1,6,90,15,35,3,15,2,6,2,8,11,4,1,8,10,35,.429,.200,.333,15.0,5.8,1.3,1.8,0.7,0.2,gainesu01
106,Jorge Garbajosa,2007,2008,2,74,1983,230,554,72,209,57,78,50,345,128,81,15,65,92,589,.415,.344,.731,26.8,8.0,4.7,1.7,1.1,0.2,garbajo01
107,Chris Garner,1998,1998,1,38,293,23,70,4,14,3,7,7,24,45,21,4,25,50,53,.329,.286,.429,7.7,1.4,0.6,1.2,0.6,0.1,garnech01
108,Marc Gasol,2019,2020,2,70,1809,206,466,80,200,76,101,55,447,248,58,61,95,194,568,.442,.400,.752,25.8,8.1,6.4,3.5,0.8,0.9,gasolma01
109,Rudy Gay,2013,2014,2,51,1785,370,900,66,190,187,227,72,345,134,85,45,153,142,993,.411,.347,.824,35.0,19.5,6.8,2.6,1.7,0.9,gayru01
110,Freddie Gillespie,2021,2021,1,20,392,44,84,0,0,23,33,42,97,9,13,20,12,43,111,.524,,.697,19.6,5.6,4.9,0.5,0.7,1.0,gillefr01
111,Dion Glover,2004,2004,1,14,178,25,65,4,14,10,14,4,29,15,10,2,19,17,64,.385,.286,.714,12.7,4.6,2.1,1.1,0.7,0.1,glovedi01
112,Joey Graham,2006,2009,4,275,4772,670,1395,43,137,388,469,225,851,167,105,29,238,627,1771,.480,.314,.827,17.4,6.4,3.1,0.6,0.4,0.1,grahajo01
113,Aaron Gray,2012,2014,3,95,1346,133,254,0,0,49,93,134,422,63,29,22,91,219,315,.524,,.527,14.2,3.3,4.4,0.7,0.3,0.2,grayaa01
114,Danny Green,2019,2019,1,80,2216,293,630,198,435,37,44,60,317,126,73,53,75,171,821,.465,.455,.841,27.7,10.3,4.0,1.6,0.9,0.7,greenda02
115,Mouhamadou Gueye,2024,2024,1,11,120,11,38,0,3,4,9,12,23,5,3,18,12,15,26,.289,.000,.444,10.9,2.4,2.1,0.5,0.3,1.6,gueyemo01
116,Zendon Hamilton,2003,2003,1,3,12,2,5,0,0,2,2,1,4,0,1,0,1,2,6,.400,,1.000,4.0,2.0,1.3,0.0,0.3,0.0,hamilze01
117,Tyler Hansbrough,2014,2015,2,138,2036,179,361,1,9,223,324,226,552,38,58,34,67,273,582,.496,.111,.688,14.8,4.2,4.0,0.3,0.4,0.2,hansbty01
118,Ron Harper Jr.,2023,2024,2,10,52,8,16,3,9,1,1,3,7,5,0,1,0,5,20,.500,.333,1.000,5.2,2.0,0.7,0.5,0.0,0.1,harpero02
119,Jalen Harris,2021,2021,1,13,172,36,72,17,36,7,9,3,18,17,8,0,14,15,96,.500,.472,.778,13.2,7.4,1.4,1.3,0.6,0.0,harrija01
120,Chuck Hayes,2014,2015,2,74,830,64,144,0,1,21,29,67,214,49,33,14,34,114,149,.444,.000,.724,11.2,2.0,2.9,0.7,0.4,0.2,hayesch01
121,Nigel Hayes,2018,2018,1,2,6,2,2,2,2,0,0,0,0,0,0,0,1,0,6,1.000,1.000,,3.0,3.0,0.0,0.0,0.0,0.0,hayesni01
122,Dewan Hernandez,2020,2020,1,6,28,5,14,1,2,3,5,5,14,3,1,0,3,6,14,.357,.500,.600,4.7,2.3,2.3,0.5,0.2,0.0,hernade01
123,Juancho Hernangómez,2023,2023,1,42,614,48,114,17,67,9,16,27,123,25,16,6,15,43,122,.421,.254,.563,14.6,2.9,2.9,0.6,0.4,0.1,hernaju01
124,Rondae Hollis-Jefferson,2020,2020,1,60,1122,155,329,3,23,105,143,110,283,106,46,23,59,115,418,.471,.130,.734,18.7,7.0,4.7,1.8,0.8,0.4,holliro01
125,Rodney Hood,2021,2021,1,17,216,21,59,9,29,15,16,5,30,6,4,3,5,15,66,.356,.310,.938,12.7,3.9,1.8,0.4,0.2,0.2,hoodro01
126,Nate Huffman,2003,2003,1,7,76,9,25,0,0,5,8,9,23,5,1,3,3,13,23,.360,,.625,10.9,3.3,3.3,0.7,0.1,0.4,huffmna01
127,Kris Humphries,2007,2009,3,159,1860,286,608,0,2,166,251,192,516,56,47,55,87,236,738,.470,.000,.661,11.7,4.6,3.2,0.4,0.3,0.3,humphkr01
128,Lindsey Hunter,2003,2003,1,29,673,106,302,34,107,34,47,15,59,71,35,5,57,50,280,.351,.318,.723,23.2,9.7,2.0,2.4,1.2,0.2,hunteli01
129,Serge Ibaka,2017,2020,4,228,6300,1314,2610,267,751,348,453,377,1687,253,93,281,352,649,3243,.503,.356,.768,27.6,14.2,7.4,1.1,0.4,1.2,ibakase01
130,Jarrett Jack,2010,2011,2,95,2590,371,793,86,223,243,287,36,264,472,74,6,197,176,1071,.468,.386,.847,27.3,11.3,2.8,5.0,0.8,0.1,jackja01
131,Jermaine Jackson,2002,2003,2,48,566,41,110,2,11,39,51,13,52,96,18,4,33,48,123,.373,.182,.765,11.8,2.6,1.1,2.0,0.4,0.1,jacksje01
132,Luke Jackson,2007,2007,1,10,122,18,35,4,13,5,9,2,9,9,5,1,6,12,45,.514,.308,.556,12.2,4.5,0.9,0.9,0.5,0.1,jackslu02
133,Mark Jackson,2001,2001,1,54,1802,170,403,57,165,64,76,42,185,498,63,7,117,83,461,.422,.345,.842,33.4,8.5,3.4,9.2,1.2,0.1,jacksma01
134,Mike James,2006,2006,1,79,2925,576,1228,169,382,283,338,45,262,460,72,3,206,214,1604,.469,.442,.837,37.0,20.3,3.3,5.8,0.9,0.0,jamesmi01
135,Nathan Jawai,2009,2009,1,6,19,1,4,0,0,0,0,1,2,0,0,0,2,3,2,.250,,,3.2,0.3,0.3,0.0,0.0,0.0,jawaina01
136,Chris Jefferies,2003,2004,2,53,674,78,200,19,57,30,44,16,60,23,19,16,46,56,205,.390,.333,.682,12.7,3.9,1.1,0.4,0.4,0.3,jeffech01
137,Amir Johnson,2010,2015,6,451,11377,1663,2906,46,135,585,852,1050,2836,562,311,480,576,1524,3957,.572,.341,.687,25.2,8.8,6.3,1.2,0.7,1.1,johnsam01
138,David Johnson,2022,2022,1,2,2,0,1,0,1,0,0,0,0,0,0,0,0,0,0,.000,.000,,1.0,0.0,0.0,0.0,0.0,0.0,johnsda08
139,James Johnson,2011,2016,4,214,4556,676,1358,56,202,228,343,194,793,359,179,215,280,486,1636,.498,.277,.665,21.3,7.6,3.7,1.7,0.8,1.0,johnsja01
140,Linton Johnson,2008,2008,1,2,10,2,5,0,1,2,2,0,1,1,0,0,3,1,6,.400,.000,1.000,5.0,3.0,0.5,0.5,0.0,0.0,johnsli01
141,Stanley Johnson,2020,2021,2,86,1156,111,292,52,161,53,71,36,190,109,58,22,69,132,327,.380,.323,.746,13.4,3.8,2.2,1.3,0.7,0.3,johnsst04
142,Trey Johnson,2011,2011,1,7,81,10,30,1,3,7,8,2,7,11,1,1,5,11,28,.333,.333,.875,11.6,4.0,1.0,1.6,0.1,0.1,johnstr01
143,Fred Jones,2007,2007,1,39,870,96,249,32,101,73,88,16,82,55,30,12,50,80,297,.386,.317,.830,22.3,7.6,2.1,1.4,0.8,0.3,jonesfr01
144,Popeye Jones,1997,1998,2,93,2773,310,664,3,16,113,140,320,782,102,68,42,132,308,736,.467,.188,.807,29.8,7.9,8.4,1.1,0.7,0.5,jonespo01
145,Cory Joseph,2016,2017,2,160,4049,556,1246,78,245,227,296,90,445,515,129,33,210,271,1417,.446,.318,.767,25.3,8.9,2.8,3.2,0.8,0.2,josepco01
146,Garth Joseph,2001,2001,1,2,8,1,2,0,0,0,0,2,2,1,0,0,1,1,2,.500,,,4.0,1.0,1.0,0.5,0.0,0.0,josepga01
147,Jason Kapono,2008,2009,2,161,3361,504,1102,155,347,71,85,57,283,170,56,5,128,275,1234,.457,.447,.835,20.9,7.7,1.8,1.1,0.3,0.0,kaponja01
148,Tim Kempton,1998,1998,1,5,32,2,7,0,0,0,0,4,5,2,1,2,4,7,4,.286,,,6.4,0.8,1.0,0.4,0.2,0.4,kemptti01
149,Jimmy King,1996,1996,1,62,868,110,255,5,34,54,77,43,110,88,21,13,60,76,279,.431,.147,.701,14.0,4.5,1.8,1.4,0.3,0.2,kingji02
150,Linas Kleiza,2011,2013,3,108,2465,391,960,121,376,154,203,89,428,102,46,13,143,263,1057,.407,.322,.759,22.8,9.8,4.0,0.9,0.4,0.1,kleizli01
151,Negele Knight,1999,1999,1,6,56,3,8,0,1,2,4,1,6,8,1,0,7,5,8,.375,.000,.500,9.3,1.3,1.0,1.3,0.2,0.0,knighne01
152,Christian Koloko,2023,2023,1,58,802,72,150,1,12,37,59,84,171,31,21,57,20,128,182,.480,.083,.627,13.8,3.1,2.9,0.5,0.4,1.0,kolokch01
153,Antonio Lang,2000,2000,1,7,32,0,5,0,0,3,4,0,5,1,4,1,2,7,3,.000,,.750,4.6,0.4,0.7,0.1,0.6,0.1,langan02
154,A.J. Lawson,2025,2025,1,26,486,80,190,33,101,43,63,20,86,31,13,6,15,44,236,.421,.327,.683,18.7,9.1,3.3,1.2,0.5,0.2,lawsoaj01
155,Alex Len,2021,2021,1,7,76,5,10,3,6,3,6,0,11,3,1,6,8,10,16,.500,.500,.500,10.9,2.3,1.6,0.4,0.1,0.9,lenal01
156,Voshon Lenard,2003,2003,1,63,1929,325,809,92,252,156,194,48,212,144,59,21,103,156,898,.402,.365,.804,30.6,14.3,3.4,2.3,0.9,0.3,lenarvo01
157,Kawhi Leonard,2019,2019,1,60,2040,560,1129,112,302,364,426,78,439,199,106,24,121,87,1596,.496,.371,.854,34.0,26.6,7.3,3.3,1.8,0.4,leonaka01
158,Kira Lewis Jr.,2024,2024,1,1,2,0,0,0,0,0,0,0,0,0,0,0,0,1,0,,,,2.0,0.0,0.0,0.0,0.0,0.0,lewiski01
159,Martin Lewis,1996,1997,2,25,239,35,74,3,10,16,27,19,35,7,9,5,15,29,89,.473,.300,.593,9.6,3.6,1.4,0.3,0.4,0.2,lewisma01
160,Jeremy Lin,2019,2019,1,23,433,58,155,11,55,34,42,6,60,50,9,6,26,48,161,.374,.200,.810,18.8,7.0,2.6,2.2,0.4,0.3,linje01
161,Brad Lohaus,1997,1997,1,6,45,4,15,2,7,0,0,1,7,1,1,0,1,6,10,.267,.286,,7.5,1.7,1.2,0.2,0.2,0.0,lohaubr01
162,Art Long,2003,2003,1,7,80,9,25,1,2,1,5,8,20,4,3,3,11,13,20,.360,.500,.200,11.4,2.9,2.9,0.6,0.4,0.4,longar01
163,John Long,1997,1997,1,32,370,46,117,12,34,25,28,6,40,21,9,2,24,28,129,.393,.353,.893,11.6,4.0,1.3,0.7,0.3,0.1,longjo01
164,Kyle Lowry,2013,2021,9,601,20813,3376,7944,1518,4031,2270,2750,475,2954,4277,873,195,1591,1769,10540,.425,.377,.825,34.6,17.5,4.9,7.1,1.5,0.3,lowryky01
165,Jordan Loyd,2019,2019,1,12,55,8,18,4,8,9,11,1,9,6,0,0,2,5,29,.444,.500,.818,4.6,2.4,0.8,0.5,0.0,0.0,loydjo01
166,John Lucas III,2013,2013,1,63,827,129,334,57,151,18,25,8,65,105,23,1,26,50,333,.386,.377,.720,13.1,5.3,1.0,1.7,0.4,0.0,lucasjo02
167,Jamaal Magloire,2012,2012,1,34,374,17,45,0,0,7,27,25,113,6,4,10,22,66,41,.378,,.259,11.0,1.2,3.3,0.2,0.1,0.3,magloja01
168,Shawn Marion,2009,2009,1,27,954,167,342,2,13,50,62,73,224,62,31,21,49,40,386,.488,.154,.806,35.3,14.3,8.3,2.3,1.1,0.8,mariosh01
169,Sean Marks,1999,2000,2,13,40,7,14,0,1,5,6,0,3,0,2,1,6,6,19,.500,.000,.833,3.1,1.5,0.2,0.0,0.2,0.1,marksse01
170,Donyell Marshall,2004,2005,2,131,4225,675,1476,271,661,192,253,277,1137,175,137,150,137,336,1813,.457,.410,.759,32.3,13.8,8.7,1.3,1.0,1.1,marshdo01
171,Darrick Martin,2006,2008,3,88,700,77,234,31,93,38,51,7,39,121,26,0,28,76,223,.329,.333,.745,8.0,2.5,0.4,1.4,0.3,0.0,martida01
172,Roger Mason,2004,2004,1,23,285,31,87,12,33,19,22,1,28,23,10,6,18,31,93,.356,.364,.864,12.4,4.0,1.2,1.0,0.4,0.3,masonro01
173,Tony Massenburg,1996,1996,1,24,659,100,196,0,0,43,65,52,166,18,13,9,35,67,243,.510,,.662,27.5,10.1,6.9,0.8,0.5,0.4,masseto01
174,Bob McCann,1998,1998,1,1,5,0,1,0,0,0,0,0,1,0,0,0,0,1,0,.000,,,5.0,0.0,1.0,0.0,0.0,0.0,mccanbo01
175,Patrick McCaw,2019,2021,3,68,1285,92,217,31,95,29,36,27,134,110,62,6,43,103,244,.424,.326,.806,18.9,3.6,2.0,1.6,0.9,0.1,mccawpa01
176,Jelani McCoy,2003,2003,1,67,1367,194,395,0,0,69,126,95,355,43,28,60,96,162,457,.491,,.548,20.4,6.8,5.3,0.6,0.4,0.9,mccoyje01
177,Jalen McDaniels,2024,2024,1,50,538,65,189,12,71,27,37,18,79,37,19,6,30,52,169,.344,.169,.730,10.8,3.4,1.6,0.7,0.4,0.1,mcdanja01
178,Tracy McGrady,1998,2000,3,192,4747,806,1801,40,141,470,660,413,1048,474,191,278,306,381,2122,.448,.284,.712,24.7,11.1,5.5,2.5,1.0,1.4,mcgratr01
179,Dominic McGuire,2013,2013,1,15,230,15,32,0,0,2,6,11,48,10,5,8,7,26,32,.469,,.333,15.3,2.1,3.2,0.7,0.3,0.5,mcguido01
180,Alfonzo McKinnie,2018,2018,1,14,53,8,15,3,9,2,3,1,7,1,1,1,3,8,21,.533,.333,.667,3.8,1.5,0.5,0.1,0.1,0.1,mckinal01
181,Jodie Meeks,2019,2019,1,8,104,21,39,8,18,1,1,1,12,8,1,1,2,5,51,.538,.444,1.000,13.0,6.4,1.5,1.0,0.1,0.1,meeksjo01
182,Pops Mensah-Bonsu,2009,2010,2,35,370,46,125,0,2,38,59,65,134,8,11,12,27,54,130,.368,.000,.644,10.6,3.7,3.8,0.2,0.3,0.3,mensapo01
183,C.J. Miles,2018,2019,2,110,1899,297,805,207,591,116,141,30,220,77,55,31,60,196,917,.369,.350,.823,17.3,8.3,2.0,0.7,0.5,0.3,milescj01
184,Malcolm Miller,2018,2020,3,53,355,36,83,26,64,10,16,7,36,15,7,5,10,33,108,.434,.406,.625,6.7,2.0,0.7,0.3,0.1,0.1,millema01
185,Oliver Miller,1996,1998,3,159,4460,635,1248,0,16,227,348,346,1035,444,179,228,353,509,1497,.509,.000,.652,28.1,9.4,6.5,2.8,1.1,1.4,milleol01
186,Davion Mitchell,2025,2025,1,44,1080,106,244,42,117,25,37,16,85,203,31,8,78,116,279,.434,.359,.676,24.5,6.3,1.9,4.6,0.7,0.2,mitchda01
187,Jonathan Mogbo,2025,2025,1,63,1286,156,356,17,70,60,82,109,311,146,55,34,70,136,389,.438,.243,.732,20.4,6.2,4.9,2.3,0.9,0.5,mogbojo01
188,Jérôme Moïso,2004,2005,2,43,486,43,93,0,2,30,47,47,136,8,19,15,31,49,116,.462,.000,.638,11.3,2.7,3.2,0.2,0.4,0.3,moisoje01
189,Greg Monroe,2019,2019,1,38,423,74,161,0,4,35,61,60,156,16,13,8,31,61,183,.460,.000,.574,11.1,4.8,4.1,0.4,0.3,0.2,monrogr01
190,Eric Montross,2001,2002,2,61,736,59,149,0,1,11,36,45,169,20,15,26,29,107,129,.396,.000,.306,12.1,2.1,2.8,0.3,0.2,0.4,montrer01
191,Jamario Moon,2008,2009,2,132,3545,429,892,78,232,118,150,140,733,160,145,152,82,237,1054,.481,.336,.787,26.9,8.0,5.6,1.2,1.1,1.2,moonja01
192,Eric Moreland,2019,2019,1,4,38,3,7,1,1,0,0,4,17,4,1,1,5,8,7,.429,1.000,,9.5,1.8,4.3,1.0,0.3,0.3,moreler01
193,Juwan Morgan,2022,2022,1,1,27,2,3,1,2,0,0,2,4,1,0,0,0,3,5,.667,.500,,27.0,5.0,4.0,1.0,0.0,0.0,morgaju01
194,Lamond Murray,2004,2005,2,95,1436,208,525,67,165,85,115,58,254,75,47,23,92,132,568,.396,.406,.739,15.1,6.0,2.7,0.8,0.5,0.2,murrala01
195,Tracy Murray,1996,2002,3,160,3384,658,1492,220,542,223,272,150,464,164,106,54,177,291,1759,.441,.406,.820,21.2,11.0,2.9,1.0,0.7,0.3,murratr01
196,Svi Mykhailiuk,2022,2022,1,56,716,91,234,41,134,32,37,20,92,45,26,4,32,54,255,.389,.306,.865,12.8,4.6,1.6,0.8,0.5,0.1,mykhasv01
197,Mamadou N'Diaye,2001,2003,3,30,420,50,110,0,0,44,59,36,95,7,8,34,22,67,144,.455,,.746,14.0,4.8,3.2,0.2,0.3,1.1,ndiayma02
198,Rasho Nesterović,2007,2010,3,193,3575,568,1037,1,4,72,104,282,791,181,67,153,132,379,1209,.548,.250,.692,18.5,6.3,4.1,0.9,0.3,0.8,nestera01
199,Lucas Nogueira,2015,2018,4,141,1754,182,288,9,34,73,114,120,388,72,89,144,75,221,446,.632,.265,.640,12.4,3.2,2.8,0.5,0.6,1.0,noguelu01
200,Steve Novak,2014,2014,1,54,540,60,146,52,122,6,6,8,58,13,12,4,5,44,178,.411,.426,1.000,10.0,3.3,1.1,0.2,0.2,0.1,novakst01
201,Markquis Nowell,2024,2024,1,1,4,0,1,0,0,2,2,2,2,2,1,0,0,0,2,.000,,1.000,4.0,2.0,2.0,2.0,1.0,0.0,nowelma01
202,Jordan Nwora,2024,2024,1,34,529,101,217,33,95,35,42,20,116,44,20,12,41,29,270,.465,.347,.833,15.6,7.9,3.4,1.3,0.6,0.4,nworajo01
203,Patrick O'Bryant,2009,2010,2,24,198,37,68,0,3,6,14,8,43,4,5,15,10,44,80,.544,.000,.429,8.3,3.3,1.8,0.2,0.2,0.6,obryapa01
204,Jermaine O'Neal,2009,2009,1,41,1216,220,465,0,1,115,142,71,288,67,18,82,92,130,555,.473,.000,.810,29.7,13.5,7.0,1.6,0.4,2.0,onealje01
205,Dan O'Sullivan,1996,1996,1,5,139,13,35,0,1,7,8,13,32,2,2,4,5,13,33,.371,.000,.875,27.8,6.6,6.4,0.4,0.4,0.8,osullda01
206,Charles Oakley,1999,2001,3,208,6831,679,1673,26,95,260,320,355,1655,685,224,114,389,734,1644,.406,.274,.813,32.8,7.9,8.0,3.3,1.1,0.5,oaklech01
207,Hakeem Olajuwon,2002,2002,1,61,1378,194,418,0,2,47,84,98,366,66,74,90,98,147,435,.464,.000,.560,22.6,7.1,6.0,1.1,1.2,1.5,olajuha01
208,Jimmy Oliver,1997,1997,1,4,43,4,13,1,6,2,2,1,5,1,2,0,3,2,11,.308,.167,1.000,10.8,2.8,1.3,0.3,0.5,0.0,oliveji01
209,Kelly Olynyk,2024,2025,2,52,1123,190,357,43,114,104,128,70,246,184,53,26,106,157,527,.532,.377,.813,21.6,10.1,4.7,3.5,1.0,0.5,olynyke01
210,Daniel Oturu,2022,2022,1,3,27,3,6,0,1,3,5,1,5,0,0,2,0,1,9,.500,.000,.600,9.0,3.0,1.7,0.0,0.0,0.7,oturuda01
211,Milt Palacio,2004,2005,2,139,2744,279,690,6,38,160,223,41,236,463,89,24,191,216,724,.404,.158,.717,19.7,5.2,1.7,3.3,0.6,0.2,palacmi01
212,Jannero Pargo,2004,2004,1,5,71,9,29,0,5,0,0,0,4,12,4,1,5,7,18,.310,.000,,14.2,3.6,0.8,2.4,0.8,0.2,pargoja01
213,Anthony Parker,2007,2009,3,235,7708,1044,2270,342,806,355,428,155,934,605,252,43,272,437,2785,.460,.424,.829,32.8,11.9,4.0,2.6,1.1,0.2,parkean01
214,Patrick Patterson,2014,2017,4,273,6893,773,1779,351,941,176,229,349,1311,388,195,133,206,517,2073,.435,.373,.769,25.2,7.6,4.8,1.4,0.7,0.5,pattepa01
215,Morris Peterson,2001,2007,7,542,16059,2341,5562,801,2158,1015,1298,503,2064,965,552,122,633,1344,6498,.421,.371,.782,29.6,12.0,3.8,1.8,1.0,0.2,petermo01
216,Mickaël Piétrus,2013,2013,1,19,386,34,98,20,64,12,18,5,36,9,12,6,16,33,100,.347,.313,.667,20.3,5.3,1.9,0.5,0.6,0.3,pietrmi01
217,Ed Pinckney,1996,1996,1,47,1031,117,233,0,3,94,124,115,282,50,31,17,54,101,328,.502,.000,.758,21.9,7.0,6.0,1.1,0.7,0.4,pincked01
218,Jakob Poeltl,2017,2025,5,269,5862,1081,1686,2,5,288,481,662,1771,410,187,301,331,727,2452,.641,.400,.599,21.8,9.1,6.6,1.5,0.7,1.1,poeltja01
219,Shamorie Ponds,2020,2020,1,4,11,3,5,1,2,2,2,0,1,2,0,1,0,2,9,.600,.500,1.000,2.8,2.3,0.3,0.5,0.0,0.3,pondssh01
220,Jontay Porter,2024,2024,1,26,360,40,104,20,60,15,18,26,82,60,20,20,21,35,115,.385,.333,.833,13.8,4.4,3.2,2.3,0.8,0.8,portejo01
221,Otto Porter Jr.,2023,2024,2,23,320,29,63,14,40,11,11,12,48,16,16,5,6,26,83,.460,.350,1.000,13.9,3.6,2.1,0.7,0.7,0.2,porteot01
222,Norman Powell,2016,2021,6,349,7037,1245,2673,440,1160,533,642,117,854,477,264,82,387,599,3463,.466,.379,.830,20.2,9.9,2.4,1.4,0.8,0.2,powelno01
223,Immanuel Quickley,2024,2025,2,71,2183,420,997,192,496,238,279,28,299,448,57,11,128,136,1270,.421,.387,.853,30.7,17.9,4.2,6.3,0.8,0.2,quickim01
224,Aleksandar Radojević,2000,2000,1,3,24,2,7,0,0,3,6,2,8,1,2,1,5,5,7,.286,,.500,8.0,2.3,2.7,0.3,0.7,0.3,radojal01
225,Jahmi'us Ramsey,2024,2024,1,7,121,18,41,6,22,5,6,4,22,8,7,0,7,10,47,.439,.273,.833,17.3,6.7,3.1,1.1,1.0,0.0,ramseja01
226,Shawn Respert,1997,1998,2,74,1108,147,329,44,115,71,86,41,105,76,49,3,55,93,409,.447,.383,.826,15.0,5.5,1.4,1.0,0.7,0.0,respesh01
227,Jared Rhoden,2025,2025,1,10,215,40,79,12,37,22,25,12,38,14,9,2,8,19,114,.506,.324,.880,21.5,11.4,3.8,1.4,0.9,0.2,rhodeja01
228,Malachi Richardson,2018,2019,2,23,108,10,31,8,26,4,5,2,14,0,1,0,8,13,32,.323,.308,.800,4.7,1.4,0.6,0.0,0.0,0.0,richama01
229,Alvin Robertson,1996,1996,1,77,2478,285,607,41,151,107,158,110,342,323,166,36,183,268,718,.470,.272,.677,32.2,9.3,4.4,4.2,2.2,0.5,roberal01
230,Orlando Robinson,2025,2025,1,35,713,109,244,16,47,50,63,86,206,68,14,15,45,94,284,.447,.340,.794,20.4,8.1,5.9,1.9,0.4,0.4,robinor01
231,Carlos Rogers,1996,1998,3,130,2791,435,835,28,88,191,332,234,539,88,76,125,127,261,1089,.521,.318,.575,21.5,8.4,4.1,0.7,0.6,1.0,rogerca01
232,Roy Rogers,1998,1998,1,6,69,6,17,0,0,1,4,8,12,1,1,4,4,12,13,.353,,.250,11.5,2.2,2.0,0.2,0.2,0.7,rogerro02
233,Jalen Rose,2004,2006,3,177,5914,1015,2357,185,537,647,787,86,607,595,122,38,416,430,2862,.431,.345,.822,33.4,16.2,3.4,3.4,0.7,0.2,roseja01
234,Terrence Ross,2013,2017,5,363,8444,1294,3066,598,1589,246,308,145,945,319,267,111,284,643,3432,.422,.376,.799,23.3,9.5,2.6,0.9,0.7,0.3,rosste01
235,Clifford Rozier,1997,1997,1,41,732,79,173,0,2,31,61,102,234,31,24,44,29,97,189,.457,.000,.508,17.9,4.6,5.7,0.8,0.6,1.1,roziecl01
236,John Salley,1996,1996,1,25,482,51,105,0,0,47,65,26,97,39,11,12,39,72,149,.486,,.723,19.3,6.0,3.9,1.6,0.4,0.5,sallejo01
237,John Salmons,2014,2014,1,60,1281,109,296,47,121,33,45,12,117,103,35,11,40,92,298,.368,.388,.733,21.4,5.0,2.0,1.7,0.6,0.2,salmojo01
238,Dennis Schröder,2024,2024,1,51,1559,247,559,77,220,127,149,22,140,313,46,8,83,105,698,.442,.350,.852,30.6,13.7,2.7,6.1,0.9,0.2,schrode01
239,Luis Scola,2016,2016,1,76,1636,269,598,65,161,61,84,84,360,66,46,27,68,178,664,.450,.404,.726,21.5,8.7,4.7,0.9,0.6,0.4,scolalu01
240,Jamal Shead,2025,2025,1,75,1467,204,504,72,223,53,69,30,115,316,58,10,117,158,533,.405,.323,.768,19.6,7.1,1.5,4.2,0.8,0.1,sheadja01
241,Pascal Siakam,2017,2024,8,510,15786,3363,6856,527,1614,1622,2101,739,3324,1846,468,317,965,1400,8875,.491,.327,.772,31.0,17.4,6.5,3.6,0.9,0.6,siakapa01
242,Kobi Simmons,2024,2024,1,4,67,9,21,2,8,0,0,1,7,12,6,2,1,5,20,.429,.250,,16.8,5.0,1.8,3.0,1.5,0.5,simmoko01
243,Reggie Slater,1997,1999,3,134,2331,324,689,0,2,295,482,210,470,100,57,39,156,285,943,.470,.000,.612,17.4,7.0,3.5,0.7,0.4,0.3,slatere01
244,Uroš Slokar,2007,2007,1,20,72,14,26,1,2,9,13,7,14,1,1,2,9,11,38,.538,.500,.692,3.6,1.9,0.7,0.1,0.1,0.1,slokaur01
245,Will Solomon,2009,2009,1,39,544,79,181,15,57,20,24,9,43,123,20,4,49,60,193,.436,.263,.833,13.9,4.9,1.1,3.2,0.5,0.1,solomwi01
246,Pape Sow,2005,2007,3,76,879,79,190,0,0,61,90,78,214,12,34,24,41,166,219,.416,,.678,11.6,2.9,2.8,0.2,0.4,0.3,sowpa01
247,Michael Stewart,1999,2002,4,121,999,61,163,0,0,52,86,104,247,16,17,53,38,198,174,.374,,.605,8.3,1.4,2.0,0.1,0.1,0.4,stewami01
248,Greg Stiemsma,2015,2015,1,17,66,6,8,0,0,2,4,9,15,3,2,0,7,15,14,.750,,.500,3.9,0.8,0.9,0.2,0.1,0.0,stiemgr01
249,Peja Stojaković,2011,2011,1,2,22,7,10,4,6,2,2,0,3,1,0,0,2,0,20,.700,.667,1.000,11.0,10.0,1.5,0.5,0.0,0.0,stojape01
250,Ed Stokes,1998,1998,1,4,17,1,3,0,0,1,2,1,4,1,1,2,2,4,3,.333,,.500,4.3,0.8,1.0,0.3,0.3,0.5,stokeed01
251,Julyan Stone,2014,2014,1,21,120,7,17,2,8,2,3,2,20,12,3,0,5,13,18,.412,.250,.667,5.7,0.9,1.0,0.6,0.1,0.0,stoneju01
252,Damon Stoudamire,1996,1998,3,200,8209,1399,3369,374,1038,745,909,208,828,1761,301,37,714,440,3917,.415,.360,.820,41.0,19.6,4.1,8.8,1.5,0.2,stoudda01
253,Rod Strickland,2004,2004,1,15,282,28,84,0,3,15,22,10,37,59,8,4,18,17,71,.333,.000,.682,18.8,4.7,2.5,3.9,0.5,0.3,stricro02
254,Jared Sullinger,2017,2017,1,11,118,15,47,3,18,4,8,10,27,3,4,1,4,17,37,.319,.167,.500,10.7,3.4,2.5,0.3,0.4,0.1,sullija01
255,Cole Swider,2025,2025,1,8,156,22,58,15,42,0,1,5,25,2,4,2,4,11,59,.379,.357,.000,19.5,7.4,3.1,0.3,0.5,0.3,swideco01
256,Žan Tabak,1996,1998,3,119,2302,373,734,0,2,100,191,196,523,112,45,69,166,356,846,.508,.000,.524,19.3,7.1,4.4,0.9,0.4,0.6,tabakza01
257,Sebastian Telfair,2013,2013,1,13,185,18,62,10,37,10,12,1,16,39,9,1,11,20,56,.290,.270,.833,14.2,4.3,1.2,3.0,0.7,0.1,telfase01
258,Garrett Temple,2024,2025,2,55,516,47,138,18,68,29,34,27,74,59,29,5,24,51,141,.341,.265,.853,9.4,2.6,1.3,1.1,0.5,0.1,templga01
259,John Thomas,1998,2000,3,115,1237,134,263,0,2,58,110,118,245,28,32,26,48,220,326,.510,.000,.527,10.8,2.8,2.1,0.2,0.3,0.2,thomajo02
260,Matt Thomas,2020,2021,2,67,632,97,212,64,140,15,19,12,82,31,12,1,22,48,273,.458,.457,.789,9.4,4.1,1.2,0.5,0.2,0.0,thomama02
261,Jason Thompson,2016,2016,1,19,292,32,66,5,15,18,22,22,80,10,8,12,8,40,87,.485,.333,.818,15.4,4.6,4.2,0.5,0.4,0.6,thompja02
262,Gary Trent,1998,1998,1,13,355,64,146,0,3,31,49,43,104,14,8,8,22,46,159,.438,.000,.633,27.3,12.2,8.0,1.1,0.6,0.6,trentga01
263,Gary Trent Jr.,2021,2024,4,224,7100,1319,3129,597,1572,445,536,87,613,388,322,47,187,371,3680,.422,.380,.830,31.7,16.4,2.7,1.7,1.4,0.2,trentga02
264,P.J. Tucker,2007,2017,2,41,692,63,150,24,60,19,30,34,152,29,33,5,20,65,169,.420,.400,.633,16.9,4.1,3.7,0.7,0.8,0.1,tuckepj01
265,Hedo Türkoğlu,2010,2010,1,74,2272,276,674,108,289,175,226,42,343,304,55,32,125,220,835,.409,.374,.774,30.7,11.3,4.6,4.1,0.7,0.4,turkohe01
266,Roko Ukić,2009,2009,1,72,890,123,324,11,62,44,60,27,75,153,30,2,60,77,301,.380,.177,.733,12.4,4.2,1.0,2.1,0.4,0.0,ukicro01
267,Ben Uzoh,2012,2012,1,16,357,33,94,0,1,11,19,17,63,59,16,3,19,30,77,.351,.000,.579,22.3,4.8,3.9,3.7,1.0,0.2,uzohbe01
268,Jonas Valančiūnas,2013,2019,7,470,11774,2169,3878,40,108,1146,1456,1209,3961,350,178,479,684,1307,5524,.559,.370,.787,25.1,11.8,8.4,0.7,0.4,1.0,valanjo01
269,Fred VanVleet,2017,2023,7,417,12398,2053,5108,1000,2684,984,1132,174,1385,2199,562,169,697,882,6090,.402,.373,.869,29.7,14.6,3.3,5.3,1.3,0.4,vanvlfr01
270,Greivis Vásquez,2014,2015,2,143,3305,508,1233,226,590,115,142,37,355,530,71,14,220,282,1357,.412,.383,.810,23.1,9.5,2.5,3.7,0.5,0.1,vasqugr01
271,Charlie Villanueva,2006,2006,1,81,2361,435,940,70,214,113,160,181,521,88,60,63,99,247,1053,.463,.327,.706,29.1,13.0,6.4,1.1,0.7,0.8,villach01
272,Jake Voskuhl,2009,2009,1,38,240,12,45,0,0,11,14,21,59,8,3,4,17,60,35,.267,,.786,6.3,0.9,1.6,0.2,0.1,0.1,voskuja01
273,John Wallace,1998,1999,2,130,3173,621,1333,1,2,315,443,171,544,156,74,144,242,331,1558,.466,.500,.711,24.4,12.0,4.2,1.2,0.6,1.1,wallajo01
274,Ja'Kobe Walter,2025,2025,1,52,1103,159,393,65,186,66,83,59,160,81,43,10,50,95,449,.405,.349,.795,21.2,8.6,3.1,1.6,0.8,0.2,walteja01
275,Yuta Watanabe,2021,2022,2,88,1168,135,318,63,169,48,69,54,251,61,37,35,38,95,381,.425,.373,.696,13.3,4.3,2.9,0.7,0.4,0.4,watanyu01
276,Tremont Waters,2022,2022,1,2,42,3,12,2,9,0,0,0,4,7,4,0,4,2,8,.250,.222,,21.0,4.0,2.0,3.5,2.0,0.0,watertr01
277,Paul Watson,2020,2021,2,35,367,48,101,34,73,12,17,6,60,22,9,4,12,40,142,.475,.466,.706,10.5,4.1,1.7,0.6,0.3,0.1,watsopa01
278,Sonny Weems,2010,2011,2,128,2781,464,971,19,76,116,158,81,345,205,73,27,151,213,1063,.478,.250,.734,21.7,8.3,2.7,1.6,0.6,0.2,weemsso01
279,Donald Whiteside,1997,1997,1,27,259,18,55,12,36,11,15,2,12,36,11,0,17,23,59,.327,.333,.733,9.6,2.2,0.4,1.3,0.4,0.0,whitedo01
280,Dwayne Whitfield,1996,1996,1,8,122,13,30,0,0,14,22,9,25,2,3,2,8,14,40,.433,,.636,15.3,5.0,3.1,0.3,0.4,0.3,whitfdw01
281,Joe Wieskamp,2023,2023,1,9,50,3,14,3,12,0,0,0,4,3,0,0,1,3,9,.214,.250,,5.6,1.0,0.4,0.3,0.0,0.0,wieskjo01
282,Aaron Williams,2005,2006,2,37,264,25,55,0,0,11,13,15,44,3,5,6,11,73,61,.455,,.846,7.1,1.6,1.2,0.1,0.1,0.2,williaa01
283,Alvin Williams,1998,2006,8,417,11736,1555,3710,201,639,565,739,232,1079,1791,517,107,570,837,3876,.419,.315,.765,28.1,9.3,2.6,4.3,1.2,0.3,willial02
284,Eric Williams,2005,2006,2,62,935,84,220,16,51,66,91,26,127,65,29,4,41,122,250,.382,.314,.725,15.1,4.0,2.0,1.0,0.5,0.1,willier01
285,Herb Williams,1996,1996,1,1,31,3,8,0,0,0,0,1,8,0,1,2,0,4,6,.375,,,31.0,6.0,8.0,0.0,1.0,2.0,willihe01
286,Jerome Williams,2001,2004,4,180,4772,533,1073,1,8,350,559,466,1268,194,231,64,205,423,1417,.497,.125,.626,26.5,7.9,7.0,1.1,1.3,0.4,willije01
287,Lou Williams,2015,2015,1,80,2016,375,928,152,447,340,395,24,151,164,88,10,101,103,1242,.404,.340,.861,25.2,15.5,1.9,2.1,1.1,0.1,willilo02
288,Malik Williams,2024,2024,1,7,107,9,34,1,5,0,2,15,38,2,3,4,3,15,19,.265,.200,.000,15.3,2.7,5.4,0.3,0.4,0.6,willima11
289,Micheal Williams,1999,1999,1,2,15,1,5,0,0,0,0,1,1,0,0,0,1,1,2,.200,,,7.5,1.0,0.5,0.0,0.0,0.0,willimi02
290,Walt Williams,1997,1998,2,101,3523,544,1301,224,566,235,303,130,485,266,137,85,226,382,1547,.418,.396,.776,34.9,15.3,4.8,2.6,1.4,0.8,williwa02
291,Corliss Williamson,2001,2001,1,42,886,153,325,0,2,84,130,57,153,33,15,13,65,98,390,.471,.000,.646,21.1,9.3,3.6,0.8,0.4,0.3,willico02
292,Kevin Willis,1999,2001,3,156,3666,547,1285,1,7,322,400,378,1055,137,83,97,224,468,1417,.426,.143,.805,23.5,9.1,6.8,0.9,0.5,0.6,willike02
293,D.J. Wilson,2022,2022,1,4,54,11,15,0,2,8,10,1,16,5,5,1,2,6,30,.733,.000,.800,13.5,7.5,4.0,1.3,1.3,0.3,wilsodj01
294,Loren Woods,2005,2006,2,72,1036,99,223,0,2,40,73,125,330,21,17,62,53,127,238,.444,.000,.548,14.4,3.3,4.6,0.3,0.2,0.9,woodslo01
295,Haywoode Workman,2000,2000,1,13,102,8,28,3,14,1,2,0,9,17,9,0,4,14,20,.286,.214,.500,7.8,1.5,0.7,1.3,0.7,0.0,workmha01
296,Antoine Wright,2010,2010,1,67,1392,162,399,58,173,53,77,38,190,71,30,11,58,134,435,.406,.335,.688,20.8,6.5,2.8,1.1,0.4,0.2,wrighan01
297,Delon Wright,2016,2019,4,172,3005,413,921,101,286,218,268,108,408,398,153,62,156,172,1145,.448,.353,.813,17.5,6.7,2.4,2.3,0.9,0.4,wrighde01
298,Julian Wright,2011,2011,1,52,766,82,160,2,10,22,43,47,118,58,39,20,43,45,188,.513,.200,.512,14.7,3.6,2.3,1.1,0.8,0.4,wrighju01
299,Sharone Wright,1996,1998,3,78,1351,233,545,1,4,120,210,104,252,43,21,60,123,191,587,.428,.250,.571,17.3,7.5,3.2,0.6,0.3,0.8,wrighsh01
300,Thaddeus Young,2022,2024,3,103,1620,229,429,24,83,36,65,140,356,170,103,19,75,169,518,.534,.289,.554,15.7,5.0,3.5,1.7,1.0,0.2,youngth01